Time (UTCG),q1,q2,q3,q4
00:00.0,-0.272027,-0.651807,0.269194,0.654739
01:00.0,-0.263147,-0.672753,0.277881,0.633198
02:00.0,-0.25399,-0.692987,0.286275,0.610986
03:00.0,-0.244565,-0.712489,0.294368,0.588129
04:00.0,-0.234882,-0.731236,0.30215,0.564649
05:00.0,-0.224952,-0.749211,0.309615,0.540572
06:00.0,-0.214785,-0.766393,0.316753,0.515924
07:00.0,-0.204392,-0.782764,0.323557,0.490729
08:00.0,-0.193783,-0.798307,0.33002,0.465016
09:00.0,-0.18297,-0.813007,0.336136,0.438811
10:00.0,-0.171964,-0.826846,0.341897,0.412142
11:00.0,-0.160777,-0.83981,0.347298,0.385037
12:00.0,-0.149421,-0.851887,0.352334,0.357524
13:00.0,-0.137907,-0.863062,0.356998,0.329634
14:00.0,-0.126248,-0.873324,0.361286,0.301394
15:00.0,-0.114456,-0.882663,0.365193,0.272836
16:00.0,-0.102543,-0.891068,0.368715,0.24399
17:00.0,-0.090522,-0.898531,0.371849,0.214885
18:00.0,-0.078406,-0.905043,0.374592,0.185553
19:00.0,-0.066207,-0.910598,0.376939,0.156025
20:00.0,-0.053939,-0.91519,0.37889,0.126332
21:00.0,-0.041613,-0.918814,0.380441,0.096505
22:00.0,-0.029244,-0.921467,0.381591,0.066577
23:00.0,-0.016844,-0.923144,0.382339,0.036577
24:00.0,-0.004426,-0.923845,0.382685,0.006539
25:00.0,0.007997,-0.923569,0.382627,-0.023505
26:00.0,0.020411,-0.922316,0.382166,-0.053525
27:00.0,0.032803,-0.920088,0.381303,-0.083489
28:00.0,0.045161,-0.916886,0.380037,-0.113364
29:00.0,0.057472,-0.912715,0.378372,-0.143119
30:00.0,0.069722,-0.907578,0.376307,-0.172723
31:00.0,0.081898,-0.901482,0.373846,-0.202144
32:00.0,0.093989,-0.894432,0.370992,-0.231351
33:00.0,0.10598,-0.886436,0.367746,-0.260314
34:00.0,0.11786,-0.877502,0.364113,-0.289001
35:00.0,0.129615,-0.86764,0.360096,-0.317382
36:00.0,0.141234,-0.856861,0.3557,-0.345428
37:00.0,0.152704,-0.845175,0.350929,-0.373109
38:00.0,0.164013,-0.832595,0.345788,-0.400395
39:00.0,0.17515,-0.819135,0.340283,-0.427257
40:00.0,0.186101,-0.804808,0.334419,-0.453667
41:00.0,0.196857,-0.78963,0.328203,-0.479598
42:00.0,0.207406,-0.773617,0.321641,-0.505021
43:00.0,0.217735,-0.756786,0.314741,-0.52991
44:00.0,0.227836,-0.739154,0.307508,-0.554239
45:00.0,0.237696,-0.72074,0.299952,-0.577982
46:00.0,0.247306,-0.701564,0.29208,-0.601113
47:00.0,0.256656,-0.681646,0.283899,-0.623608
48:00.0,0.265735,-0.661008,0.27542,-0.645444
49:00.0,0.274534,-0.63967,0.266651,-0.666597
50:00.0,0.283044,-0.617655,0.2576,-0.687045
51:00.0,0.291255,-0.594987,0.248278,-0.706766
52:00.0,0.29916,-0.57169,0.238695,-0.72574
53:00.0,0.30675,-0.547788,0.22886,-0.743946
54:00.0,0.314016,-0.523307,0.218784,-0.761366
55:00.0,0.320952,-0.498272,0.208477,-0.77798
56:00.0,0.327549,-0.47271,0.197951,-0.793771
57:00.0,0.333801,-0.446649,0.187216,-0.808722
58:00.0,0.339702,-0.420115,0.176284,-0.822819
59:00.0,0.345244,-0.393136,0.165166,-0.836045
00:00.0,0.350423,-0.365742,0.153874,-0.848386
01:00.0,0.355233,-0.337961,0.14242,-0.859831
02:00.0,0.359668,-0.309822,0.130816,-0.870366
03:00.0,0.363725,-0.281356,0.119073,-0.87998
04:00.0,0.367398,-0.252592,0.107206,-0.888663
05:00.0,0.370684,-0.223561,0.095226,-0.896407
06:00.0,0.37358,-0.194294,0.083145,-0.903203
07:00.0,0.376082,-0.164821,0.070976,-0.909043
08:00.0,0.378187,-0.135174,0.058733,-0.913922
09:00.0,0.379895,-0.105383,0.046428,-0.917834
10:00.0,0.381202,-0.075482,0.034074,-0.920775
11:00.0,0.382107,-0.0455,0.021684,-0.922743
12:00.0,0.38261,-0.015471,0.009271,-0.923734
13:00.0,0.382709,0.014575,-0.003152,-0.923748
14:00.0,0.382406,0.044606,-0.015571,-0.922786
15:00.0,0.381699,0.074589,-0.027974,-0.920847
16:00.0,0.38059,0.104494,-0.040348,-0.917935
17:00.0,0.379081,0.134287,-0.052679,-0.914051
18:00.0,0.377172,0.163939,-0.064954,-0.909201
19:00.0,0.374865,0.193418,-0.077161,-0.903389
20:00.0,0.372163,0.222692,-0.089287,-0.896622
21:00.0,0.36907,0.25173,-0.101319,-0.888906
22:00.0,0.365587,0.280502,-0.113244,-0.88025
23:00.0,0.36172,0.308977,-0.12505,-0.870663
24:00.0,0.357471,0.337126,-0.136724,-0.860155
25:00.0,0.352845,0.364918,-0.148254,-0.848738
26:00.0,0.347848,0.392324,-0.159628,-0.836422
27:00.0,0.342484,0.419315,-0.170833,-0.823223
28:00.0,0.33676,0.445863,-0.181859,-0.809152
29:00.0,0.33068,0.471939,-0.192693,-0.794225
30:00.0,0.324252,0.497515,-0.203324,-0.778459
31:00.0,0.317483,0.522566,-0.213741,-0.761869
32:00.0,0.310379,0.547064,-0.223932,-0.744473
33:00.0,0.302948,0.570983,-0.233888,-0.72629
34:00.0,0.295197,0.594298,-0.243597,-0.707339
35:00.0,0.287136,0.616985,-0.25305,-0.687639
36:00.0,0.278772,0.639019,-0.262236,-0.667213
37:00.0,0.270115,0.660377,-0.271146,-0.64608
38:00.0,0.261172,0.681037,-0.27977,-0.624265
39:00.0,0.251955,0.700977,-0.288099,-0.601789
40:00.0,0.242472,0.720175,-0.296125,-0.578676
41:00.0,0.232734,0.738611,-0.303839,-0.554951
42:00.0,0.22275,0.756266,-0.311232,-0.53064
43:00.0,0.212532,0.773121,-0.318298,-0.505767
44:00.0,0.202089,0.789159,-0.325029,-0.480359
45:00.0,0.191434,0.804361,-0.331417,-0.454444
46:00.0,0.180577,0.818713,-0.337455,-0.428047
47:00.0,0.16953,0.832199,-0.343139,-0.401198
48:00.0,0.158304,0.844805,-0.34846,-0.373925
49:00.0,0.146911,0.856517,-0.353415,-0.346256
50:00.0,0.135364,0.867324,-0.357997,-0.31822
51:00.0,0.123674,0.877213,-0.362202,-0.289849
52:00.0,0.111853,0.886174,-0.366026,-0.26117
53:00.0,0.099915,0.894198,-0.369463,-0.232216
54:00.0,0.087871,0.901276,-0.372512,-0.203016
55:00.0,0.075735,0.907401,-0.375168,-0.173601
56:00.0,0.063519,0.912566,-0.377429,-0.144002
57:00.0,0.051236,0.916766,-0.379292,-0.114251
58:00.0,0.038899,0.919996,-0.380755,-0.08438
59:00.0,0.026521,0.922253,-0.381817,-0.054419
00:00.0,0.014115,0.923535,-0.382477,-0.024401
01:00.0,0.001694,0.92384,-0.382734,0.005644
02:00.0,-0.010729,0.923167,-0.382588,0.035682
03:00.0,-0.023141,0.921519,-0.382038,0.065682
04:00.0,-0.035528,0.918895,-0.381087,0.095613
05:00.0,-0.047877,0.9153,-0.379733,0.125443
06:00.0,-0.060177,0.910737,-0.37798,0.15514
07:00.0,-0.072412,0.90521,-0.375828,0.184673
08:00.0,-0.084572,0.898726,-0.37328,0.214011
09:00.0,-0.096643,0.891292,-0.370339,0.243122
10:00.0,-0.108611,0.882914,-0.367008,0.271977
11:00.0,-0.120466,0.873603,-0.363289,0.300543
12:00.0,-0.132193,0.863368,-0.359189,0.328792
13:00.0,-0.143781,0.85222,-0.354709,0.356693
14:00.0,-0.155218,0.84017,-0.349856,0.384216
15:00.0,-0.166491,0.827232,-0.344635,0.411333
16:00.0,-0.177589,0.813418,-0.33905,0.438016
17:00.0,-0.188499,0.798745,-0.333108,0.464234
18:00.0,-0.199211,0.783226,-0.326815,0.489962
19:00.0,-0.209714,0.76688,-0.320178,0.515172
20:00.0,-0.219995,0.749722,-0.313203,0.539836
21:00.0,-0.230044,0.731771,-0.305898,0.56393
22:00.0,-0.239852,0.713046,-0.298271,0.587427
23:00.0,-0.249406,0.693567,-0.29033,0.610303
24:00.0,-0.258698,0.673354,-0.282083,0.632534
25:00.0,-0.267717,0.652429,-0.273538,0.654095
26:00.0,-0.276454,0.630815,-0.264706,0.674965
27:00.0,-0.2849,0.608533,-0.255594,0.69512
28:00.0,-0.293045,0.585607,-0.246213,0.71454
29:00.0,-0.300882,0.562062,-0.236573,0.733205
30:00.0,-0.308402,0.537922,-0.226683,0.751094
31:00.0,-0.315597,0.513214,-0.216554,0.768189
32:00.0,-0.32246,0.487963,-0.206198,0.784471
33:00.0,-0.328982,0.462195,-0.195624,0.799923
34:00.0,-0.335158,0.435939,-0.184844,0.81453
35:00.0,-0.340982,0.409222,-0.173869,0.828275
36:00.0,-0.346445,0.382071,-0.162711,0.841143
37:00.0,-0.351544,0.354517,-0.151381,0.853123
38:00.0,-0.356272,0.326588,-0.139892,0.864199
39:00.0,-0.360625,0.298313,-0.128255,0.874362
40:00.0,-0.364598,0.269723,-0.116484,0.8836
41:00.0,-0.368187,0.240848,-0.104589,0.891903
42:00.0,-0.371388,0.211718,-0.092585,0.899263
43:00.0,-0.374198,0.182364,-0.080482,0.905672
44:00.0,-0.376613,0.152817,-0.068295,0.911123
45:00.0,-0.378632,0.123108,-0.056036,0.91561
46:00.0,-0.380251,0.09327,-0.043718,0.919129
47:00.0,-0.38147,0.063332,-0.031354,0.921676
48:00.0,-0.382288,0.033328,-0.018956,0.923248
49:00.0,-0.382702,0.003288,-0.006539,0.923843
50:00.0,-0.382713,-0.026755,0.005885,0.923461
51:00.0,-0.382321,-0.05677,0.018303,0.922103
52:00.0,-0.381526,-0.086724,0.030702,0.919769
53:00.0,-0.380329,-0.116587,0.043068,0.916462
54:00.0,-0.378731,-0.146327,0.05539,0.912186
55:00.0,-0.376734,-0.175912,0.067652,0.906945
56:00.0,-0.374341,-0.20531,0.079844,0.900745
57:00.0,-0.371552,-0.234492,0.091951,0.893592
58:00.0,-0.368373,-0.263425,0.103962,0.885494
59:00.0,-0.364805,-0.29208,0.115863,0.87646
00:00.0,-0.360853,-0.320426,0.127642,0.866498
01:00.0,-0.356521,-0.348433,0.139287,0.85562
02:00.0,-0.351813,-0.376072,0.150785,0.843838
03:00.0,-0.346734,-0.403313,0.162124,0.831162
04:00.0,-0.34129,-0.430127,0.173292,0.817607
05:00.0,-0.335486,-0.456486,0.184277,0.803188
06:00.0,-0.329329,-0.482362,0.195069,0.787919
07:00.0,-0.322825,-0.507729,0.205655,0.771817
08:00.0,-0.315981,-0.532558,0.216024,0.754899
09:00.0,-0.308803,-0.556824,0.226166,0.737182
10:00.0,-0.301301,-0.580501,0.23607,0.718685
11:00.0,-0.293481,-0.603563,0.245725,0.699428
12:00.0,-0.285351,-0.625988,0.25512,0.679432
13:00.0,-0.276921,-0.64775,0.264248,0.658716
14:00.0,-0.2682,-0.668828,0.273096,0.637304
15:00.0,-0.259195,-0.689198,0.281657,0.615218
16:00.0,-0.249918,-0.708838,0.289922,0.592482
17:00.0,-0.240377,-0.72773,0.297881,0.569119
18:00.0,-0.230582,-0.745851,0.305526,0.545153
19:00.0,-0.220545,-0.763184,0.312849,0.520611
20:00.0,-0.210276,-0.779709,0.319842,0.495519
21:00.0,-0.199785,-0.79541,0.326499,0.469902
22:00.0,-0.189083,-0.810269,0.332811,0.443789
23:00.0,-0.178182,-0.824271,0.338773,0.417206
24:00.0,-0.167093,-0.837402,0.344378,0.390182
25:00.0,-0.155829,-0.849647,0.34962,0.362745
26:00.0,-0.1444,-0.860993,0.354494,0.334924
27:00.0,-0.132818,-0.871428,0.358994,0.30675
28:00.0,-0.121097,-0.880942,0.363116,0.27825
29:00.0,-0.109248,-0.889524,0.366856,0.249457
30:00.0,-0.097285,-0.897165,0.370209,0.2204
31:00.0,-0.085218,-0.903857,0.373172,0.191109
32:00.0,-0.073062,-0.909593,0.375742,0.161617
33:00.0,-0.060829,-0.914368,0.377915,0.131953
34:00.0,-0.048531,-0.918175,0.379691,0.10215
35:00.0,-0.036183,-0.921011,0.381067,0.072239
36:00.0,-0.023796,-0.922872,0.382041,0.042252
37:00.0,-0.011384,-0.923758,0.382612,0.01222
38:00.0,0.00104,-0.923667,0.382781,-0.017825
39:00.0,0.013463,-0.922598,0.382546,-0.047851
40:00.0,0.025871,-0.920554,0.381908,-0.077827
41:00.0,0.038253,-0.917536,0.380868,-0.10772
42:00.0,0.050594,-0.913548,0.379426,-0.137499
43:00.0,0.062882,-0.908594,0.377585,-0.167133
44:00.0,0.075103,-0.902678,0.375345,-0.19659
45:00.0,0.087246,-0.895808,0.372711,-0.225839
46:00.0,0.099297,-0.88799,0.369683,-0.254849
47:00.0,0.111243,-0.879233,0.366266,-0.28359
48:00.0,0.123072,-0.869546,0.362463,-0.312031
49:00.0,0.134771,-0.85894,0.358279,-0.340141
50:00.0,0.146328,-0.847424,0.353716,-0.367892
51:00.0,0.157732,-0.835013,0.348781,-0.395254
52:00.0,0.168969,-0.821718,0.343479,-0.422197
53:00.0,0.180028,-0.807555,0.337815,-0.448694
54:00.0,0.190897,-0.792537,0.331794,-0.474717
55:00.0,0.201565,-0.776681,0.325424,-0.500237
56:00.0,0.212021,-0.760003,0.318711,-0.525228
57:00.0,0.222254,-0.742522,0.311663,-0.549664
58:00.0,0.232252,-0.724255,0.304286,-0.573519
59:00.0,0.242006,-0.705223,0.296588,-0.596766
00:00.0,0.251505,-0.685444,0.288578,-0.619383
01:00.0,0.260739,-0.66494,0.280263,-0.641344
02:00.0,0.269698,-0.643733,0.271654,-0.662627
03:00.0,0.278373,-0.621846,0.262758,-0.683209
04:00.0,0.286754,-0.5993,0.253585,-0.703069
05:00.0,0.294834,-0.576121,0.244145,-0.722185
06:00.0,0.302603,-0.552332,0.234448,-0.740537
07:00.0,0.310053,-0.527959,0.224504,-0.758106
08:00.0,0.317177,-0.503028,0.214323,-0.774873
09:00.0,0.323966,-0.477565,0.203916,-0.79082
10:00.0,0.330414,-0.451596,0.193294,-0.805931
11:00.0,0.336514,-0.42515,0.182469,-0.820189
12:00.0,0.342259,-0.398255,0.171451,-0.83358
13:00.0,0.347644,-0.370938,0.160253,-0.84609
14:00.0,0.352663,-0.343229,0.148886,-0.857704
15:00.0,0.35731,-0.315156,0.137362,-0.868411
16:00.0,0.36158,-0.286751,0.125693,-0.8782
17:00.0,0.36547,-0.258042,0.113892,-0.88706
18:00.0,0.368974,-0.22906,0.101971,-0.894981
19:00.0,0.37209,-0.199836,0.089942,-0.901956
20:00.0,0.374814,-0.170401,0.077818,-0.907977
21:00.0,0.377142,-0.140786,0.065612,-0.913038
22:00.0,0.379074,-0.111021,0.053338,-0.917133
23:00.0,0.380606,-0.081139,0.041007,-0.920258
24:00.0,0.381737,-0.051172,0.028632,-0.922409
25:00.0,0.382466,-0.02115,0.016228,-0.923585
26:00.0,0.382791,0.008894,0.003806,-0.923784
27:00.0,0.382714,0.038929,-0.00862,-0.923006
28:00.0,0.382233,0.068922,-0.021036,-0.921252
29:00.0,0.38135,0.098843,-0.033431,-0.918523
30:00.0,0.380064,0.128659,-0.04579,-0.914823
31:00.0,0.378379,0.158339,-0.058101,-0.910155
32:00.0,0.376294,0.187851,-0.070351,-0.904525
33:00.0,0.373813,0.217165,-0.082527,-0.897938
34:00.0,0.370939,0.246249,-0.094616,-0.890401
35:00.0,0.367673,0.275073,-0.106606,-0.881922
36:00.0,0.36402,0.303605,-0.118483,-0.872511
37:00.0,0.359983,0.331817,-0.130235,-0.862177
38:00.0,0.355568,0.359677,-0.14185,-0.85093
39:00.0,0.350777,0.387157,-0.153316,-0.838784
40:00.0,0.345617,0.414228,-0.16462,-0.825751
41:00.0,0.340093,0.44086,-0.17575,-0.811844
42:00.0,0.33421,0.467026,-0.186696,-0.797079
43:00.0,0.327975,0.492698,-0.197445,-0.781471
44:00.0,0.321395,0.517849,-0.207986,-0.765036
45:00.0,0.314476,0.542453,-0.218308,-0.747791
46:00.0,0.307225,0.566482,-0.2284,-0.729756
47:00.0,0.299651,0.589912,-0.238251,-0.71095
48:00.0,0.291761,0.612719,-0.247851,-0.691391
49:00.0,0.283564,0.634877,-0.25719,-0.671101
50:00.0,0.275068,0.656364,-0.266258,-0.650101
51:00.0,0.266282,0.677156,-0.275046,-0.628413
52:00.0,0.257215,0.697232,-0.283544,-0.606061
53:00.0,0.247877,0.716571,-0.291743,-0.583068
54:00.0,0.238279,0.735152,-0.299635,-0.559458
55:00.0,0.228429,0.752955,-0.307211,-0.535257
56:00.0,0.218338,0.769962,-0.314464,-0.510489
57:00.0,0.208017,0.786155,-0.321385,-0.485181
58:00.0,0.197477,0.801516,-0.327967,-0.459361
59:00.0,0.186729,0.816029,-0.334204,-0.433054
00:00.0,0.175784,0.829679,-0.340089,-0.40629
01:00.0,0.164654,0.842452,-0.345616,-0.379095
02:00.0,0.153351,0.854333,-0.350779,-0.3515
03:00.0,0.141886,0.865311,-0.355571,-0.323533
04:00.0,0.130271,0.875374,-0.35999,-0.295224
05:00.0,0.118519,0.884511,-0.364029,-0.266602
06:00.0,0.106642,0.892712,-0.367684,-0.237699
07:00.0,0.094652,0.899969,-0.370952,-0.208544
08:00.0,0.082563,0.906274,-0.37383,-0.179169
09:00.0,0.070387,0.911621,-0.376313,-0.149604
10:00.0,0.058137,0.916003,-0.3784,-0.119881
11:00.0,0.045825,0.919417,-0.380088,-0.090031
12:00.0,0.033465,0.921858,-0.381376,-0.060086
13:00.0,0.02107,0.923324,-0.382262,-0.030078
14:00.0,0.008652,0.923814,-0.382745,-0.000037
15:00.0,-0.003775,0.923326,-0.382825,0.030003
16:00.0,-0.016198,0.921862,-0.382501,0.060012
17:00.0,-0.028603,0.919422,-0.381775,0.089957
18:00.0,-0.040979,0.916011,-0.380646,0.119807
19:00.0,-0.053312,0.91163,-0.379116,0.14953
20:00.0,-0.065588,0.906285,-0.377187,0.179095
21:00.0,-0.077796,0.899982,-0.37486,0.208471
22:00.0,-0.089921,0.892727,-0.372139,0.237626
23:00.0,-0.101952,0.884527,-0.369025,0.266529
24:00.0,-0.113875,0.875392,-0.365522,0.295151
25:00.0,-0.125679,0.865331,-0.361634,0.323461
26:00.0,-0.13735,0.854355,-0.357366,0.351428
27:00.0,-0.148876,0.842476,-0.35272,0.379024
28:00.0,-0.160246,0.829705,-0.347703,0.406219
29:00.0,-0.171447,0.816056,-0.34232,0.432984
30:00.0,-0.182467,0.801545,-0.336576,0.459291
31:00.0,-0.193295,0.786186,-0.330477,0.485113
32:00.0,-0.203919,0.769995,-0.32403,0.510421
33:00.0,-0.214329,0.75299,-0.317242,0.535189
34:00.0,-0.224512,0.735188,-0.310119,0.559392
35:00.0,-0.23446,0.716609,-0.30267,0.583002
36:00.0,-0.24416,0.697272,-0.294901,0.605996
37:00.0,-0.253603,0.677197,-0.286822,0.628349
38:00.0,-0.262779,0.656406,-0.278441,0.650038
39:00.0,-0.271678,0.634921,-0.269766,0.671039
40:00.0,-0.280291,0.612764,-0.260807,0.69133
41:00.0,-0.288608,0.58996,-0.251573,0.71089
42:00.0,-0.296622,0.566531,-0.242074,0.729698
43:00.0,-0.304323,0.542503,-0.23232,0.747734
44:00.0,-0.311703,0.517901,-0.222321,0.764979
45:00.0,-0.318755,0.492752,-0.212088,0.781415
46:00.0,-0.325471,0.467081,-0.201631,0.797025
47:00.0,-0.331845,0.440916,-0.190962,0.811791
48:00.0,-0.337868,0.414285,-0.180092,0.825699
49:00.0,-0.343536,0.387216,-0.169032,0.838734
50:00.0,-0.348842,0.359738,-0.157793,0.850882
51:00.0,-0.35378,0.331879,-0.146388,0.862129
52:00.0,-0.358345,0.303668,-0.13483,0.872465
53:00.0,-0.362533,0.275137,-0.123128,0.881878
54:00.0,-0.366339,0.246315,-0.111298,0.890358
55:00.0,-0.369759,0.217232,-0.099349,0.897896
56:00.0,-0.37279,0.187919,-0.087297,0.904485
57:00.0,-0.375427,0.158408,-0.075152,0.910117
58:00.0,-0.377669,0.128729,-0.062928,0.914787
59:00.0,-0.379513,0.098914,-0.050637,0.918489
00:00.0,-0.380958,0.068995,-0.038293,0.921219
01:00.0,-0.382001,0.039002,-0.025909,0.922975
02:00.0,-0.382641,0.008969,-0.013497,0.923755
03:00.0,-0.382878,-0.021074,-0.001071,0.923558
04:00.0,-0.382712,-0.051095,0.011356,0.922384
05:00.0,-0.382143,-0.081062,0.023771,0.920234
06:00.0,-0.381171,-0.110943,0.036161,0.917111
07:00.0,-0.379797,-0.140707,0.048513,0.913018
08:00.0,-0.378023,-0.170322,0.060815,0.907959
09:00.0,-0.375851,-0.199756,0.073052,0.90194
10:00.0,-0.373283,-0.22898,0.085212,0.894968
11:00.0,-0.370322,-0.257961,0.097282,0.887048
12:00.0,-0.36697,-0.286669,0.10925,0.87819
13:00.0,-0.363232,-0.315074,0.121103,0.868404
14:00.0,-0.359111,-0.343146,0.132828,0.857699
15:00.0,-0.354611,-0.370855,0.144414,0.846086
16:00.0,-0.349738,-0.398171,0.155847,0.833579
17:00.0,-0.344497,-0.425067,0.167116,0.82019
18:00.0,-0.338892,-0.451513,0.17821,0.805934
19:00.0,-0.33293,-0.477481,0.189115,0.790825
20:00.0,-0.326618,-0.502944,0.199821,0.77488
21:00.0,-0.319961,-0.527875,0.210317,0.758116
22:00.0,-0.312967,-0.552248,0.220591,0.740549
23:00.0,-0.305644,-0.576037,0.230633,0.722199
24:00.0,-0.297998,-0.599216,0.240432,0.703086
25:00.0,-0.290038,-0.621762,0.249977,0.683228
26:00.0,-0.281773,-0.64365,0.25926,0.662649
27:00.0,-0.273211,-0.664857,0.268269,0.641368
28:00.0,-0.264361,-0.685361,0.276995,0.619409
29:00.0,-0.255232,-0.70514,0.28543,0.596795
30:00.0,-0.245834,-0.724174,0.293564,0.573549
31:00.0,-0.236177,-0.742441,0.301389,0.549697
32:00.0,-0.226272,-0.759923,0.308896,0.525264
33:00.0,-0.216128,-0.776601,0.316077,0.500275
34:00.0,-0.205756,-0.792458,0.322926,0.474757
35:00.0,-0.195167,-0.807476,0.329435,0.448736
36:00.0,-0.184373,-0.821641,0.335596,0.422242
37:00.0,-0.173384,-0.834937,0.341404,0.3953
38:00.0,-0.162213,-0.847349,0.346852,0.367941
39:00.0,-0.15087,-0.858865,0.351935,0.340192
40:00.0,-0.139369,-0.869473,0.356647,0.312084
41:00.0,-0.12772,-0.879161,0.360983,0.283645
42:00.0,-0.115938,-0.887919,0.364939,0.254907
43:00.0,-0.104032,-0.895738,0.368511,0.225899
44:00.0,-0.092018,-0.90261,0.371694,0.196652
45:00.0,-0.079906,-0.908527,0.374485,0.167197
46:00.0,-0.06771,-0.913483,0.376882,0.137565
47:00.0,-0.055442,-0.917473,0.378882,0.107788
48:00.0,-0.043116,-0.920492,0.380483,0.077897
49:00.0,-0.030745,-0.922538,0.381682,0.047923
50:00.0,-0.018341,-0.923608,0.38248,0.017899
51:00.0,-0.005918,-0.923701,0.382875,-0.012144
52:00.0,0.006512,-0.922818,0.382866,-0.042174
53:00.0,0.018934,-0.920958,0.382454,-0.07216
54:00.0,0.031337,-0.918124,0.381639,-0.102069
55:00.0,0.043707,-0.914319,0.380422,-0.131871
56:00.0,0.056031,-0.909547,0.378803,-0.161533
57:00.0,0.068296,-0.903813,0.376786,-0.191023
58:00.0,0.080489,-0.897123,0.374372,-0.220312
59:00.0,0.092597,-0.889484,0.371563,-0.249368
00:00.0,0.104608,-0.880904,0.368363,-0.27816
01:00.0,0.116509,-0.871393,0.364775,-0.306658
02:00.0,0.128287,-0.86096,0.360802,-0.334831
03:00.0,0.139929,-0.849616,0.356449,-0.362651
04:00.0,0.151425,-0.837374,0.351721,-0.390086
05:00.0,0.162761,-0.824246,0.346622,-0.417109
06:00.0,0.173925,-0.810247,0.341158,-0.443691
07:00.0,0.184906,-0.79539,0.335334,-0.469804
08:00.0,0.195693,-0.779692,0.329157,-0.49542
09:00.0,0.206273,-0.763169,0.322633,-0.520511
10:00.0,0.216636,-0.74584,0.315769,-0.545052
11:00.0,0.226771,-0.727721,0.308572,-0.569017
12:00.0,0.236667,-0.708833,0.30105,-0.59238
13:00.0,0.246314,-0.689195,0.293211,-0.615116
14:00.0,0.255701,-0.668828,0.285063,-0.637201
15:00.0,0.264819,-0.647753,0.276615,-0.658613
16:00.0,0.273658,-0.625994,0.267875,-0.679328
17:00.0,0.282208,-0.603572,0.258853,-0.699324
18:00.0,0.290462,-0.580513,0.249558,-0.718581
19:00.0,0.298409,-0.556839,0.24,-0.737077
20:00.0,0.306042,-0.532576,0.230189,-0.754794
21:00.0,0.313352,-0.50775,0.220136,-0.771713
22:00.0,0.320332,-0.482387,0.20985,-0.787815
23:00.0,0.326975,-0.456513,0.199343,-0.803085
24:00.0,0.333274,-0.430157,0.188627,-0.817504
25:00.0,0.339221,-0.403346,0.177711,-0.831059
26:00.0,0.344811,-0.376108,0.166608,-0.843735
27:00.0,0.350037,-0.348473,0.15533,-0.855519
28:00.0,0.354895,-0.320469,0.143888,-0.866398
29:00.0,0.359379,-0.292126,0.132294,-0.87636
30:00.0,0.363484,-0.263474,0.120561,-0.885396
31:00.0,0.367207,-0.234544,0.1087,-0.893495
32:00.0,0.370542,-0.205365,0.096726,-0.900649
33:00.0,0.373487,-0.175969,0.084649,-0.90685
34:00.0,0.376039,-0.146387,0.072483,-0.912092
35:00.0,0.378194,-0.116651,0.06024,-0.91637
36:00.0,0.379951,-0.086791,0.047934,-0.919678
37:00.0,0.381307,-0.056839,0.035577,-0.922013
38:00.0,0.382262,-0.026827,0.023183,-0.923374
39:00.0,0.382814,0.003213,0.010764,-0.923757
40:00.0,0.382963,0.03325,-0.001666,-0.923164
41:00.0,0.382708,0.063252,-0.014094,-0.921594
42:00.0,0.38205,0.093186,-0.026508,-0.919049
43:00.0,0.380989,0.123022,-0.038894,-0.915533
44:00.0,0.379527,0.152728,-0.051239,-0.911048
45:00.0,0.377665,0.182273,-0.063529,-0.905599
46:00.0,0.375405,0.211624,-0.075754,-0.899193
47:00.0,0.37275,0.240752,-0.087898,-0.891835
48:00.0,0.369702,0.269625,-0.09995,-0.883534
49:00.0,0.366264,0.298213,-0.111896,-0.874299
50:00.0,0.36244,0.326485,-0.123725,-0.864139
51:00.0,0.358235,0.354412,-0.135423,-0.853065
52:00.0,0.353652,0.381964,-0.146979,-0.841089
53:00.0,0.348696,0.409113,-0.15838,-0.828223
54:00.0,0.343373,0.435828,-0.169614,-0.814482
55:00.0,0.337688,0.462082,-0.180669,-0.799878
56:00.0,0.331647,0.487848,-0.191535,-0.784429
57:00.0,0.325257,0.513098,-0.202198,-0.76815
58:00.0,0.318524,0.537805,-0.212648,-0.751059
59:00.0,0.311455,0.561943,-0.222875,-0.733173
00:00.0,0.304059,0.585487,-0.232867,-0.714512
01:00.0,0.296341,0.608411,-0.242613,-0.695095
02:00.0,0.288312,0.630692,-0.252104,-0.674943
03:00.0,0.279978,0.652306,-0.261329,-0.654077
04:00.0,0.27135,0.673229,-0.270279,-0.632519
05:00.0,0.262436,0.693441,-0.278944,-0.610292
06:00.0,0.253245,0.71292,-0.287315,-0.58742
07:00.0,0.243787,0.731644,-0.295384,-0.563927
08:00.0,0.234073,0.749594,-0.303141,-0.539837
09:00.0,0.224111,0.766752,-0.310579,-0.515176
10:00.0,0.213914,0.783098,-0.31769,-0.48997
11:00.0,0.203491,0.798616,-0.324467,-0.464246
12:00.0,0.192853,0.81329,-0.330901,-0.438032
13:00.0,0.182013,0.827103,-0.336987,-0.411353
14:00.0,0.17098,0.840042,-0.342717,-0.38424
15:00.0,0.159767,0.852092,-0.348087,-0.35672
16:00.0,0.148386,0.86324,-0.35309,-0.328823
17:00.0,0.136849,0.873476,-0.357721,-0.300579
18:00.0,0.125167,0.882788,-0.361975,-0.272016
19:00.0,0.113353,0.891166,-0.365848,-0.243166
20:00.0,0.10142,0.898602,-0.369335,-0.214058
21:00.0,0.08938,0.905087,-0.372433,-0.184725
22:00.0,0.077245,0.910614,-0.375139,-0.155196
23:00.0,0.06503,0.915179,-0.377449,-0.125502
24:00.0,0.052745,0.918776,-0.379362,-0.095676
25:00.0,0.040405,0.9214,-0.380875,-0.065749
26:00.0,0.028022,0.923051,-0.381987,-0.035752
27:00.0,0.01561,0.923725,-0.382696,-0.005718
28:00.0,0.003181,0.923422,-0.383002,0.024323
29:00.0,-0.009251,0.922142,-0.382905,0.054337
30:00.0,-0.021674,0.919887,-0.382404,0.084294
31:00.0,-0.034074,0.916659,-0.3815,0.114163
32:00.0,-0.046437,0.912462,-0.380194,0.14391
33:00.0,-0.058753,0.907299,-0.378488,0.173505
34:00.0,-0.071006,0.901177,-0.376382,0.202916
35:00.0,-0.083184,0.894101,-0.373881,0.232113
36:00.0,-0.095275,0.88608,-0.370985,0.261064
37:00.0,-0.107266,0.877122,-0.367698,0.28974
38:00.0,-0.119144,0.867236,-0.364024,0.318108
39:00.0,-0.130896,0.856433,-0.359967,0.34614
40:00.0,-0.14251,0.844724,-0.35553,0.373806
41:00.0,-0.153975,0.832121,-0.350718,0.401077
42:00.0,-0.165277,0.818639,-0.345537,0.427923
43:00.0,-0.176405,0.80429,-0.339992,0.454317
44:00.0,-0.187347,0.789091,-0.334088,0.48023
45:00.0,-0.198092,0.773057,-0.327833,0.505636
46:00.0,-0.208628,0.756206,-0.321232,0.530506
47:00.0,-0.218945,0.738555,-0.314292,0.554815
48:00.0,-0.22903,0.720123,-0.307022,0.578538
49:00.0,-0.238875,0.700929,-0.299427,0.601648
50:00.0,-0.248468,0.680993,-0.291518,0.624123
51:00.0,-0.257799,0.660338,-0.283301,0.645937
52:00.0,-0.266859,0.638984,-0.274785,0.667067
53:00.0,-0.275637,0.616954,-0.26598,0.687493
54:00.0,-0.284126,0.594272,-0.256895,0.707191
55:00.0,-0.292314,0.570961,-0.247539,0.726141
56:00.0,-0.300195,0.547046,-0.237922,0.744323
57:00.0,-0.30776,0.522553,-0.228054,0.761717
58:00.0,-0.315,0.497507,-0.217946,0.778306
59:00.0,-0.321909,0.471935,-0.207608,0.794072
00:00.0,-0.328478,0.445864,-0.197052,0.808998
01:00.0,-0.334702,0.419321,-0.186288,0.823068
02:00.0,-0.340572,0.392335,-0.175327,0.836268
03:00.0,-0.346084,0.364933,-0.164182,0.848583
04:00.0,-0.351232,0.337146,-0.152863,0.860001
05:00.0,-0.356009,0.309002,-0.141384,0.870509
06:00.0,-0.360411,0.280532,-0.129755,0.880096
07:00.0,-0.364434,0.251765,-0.11799,0.888753
08:00.0,-0.368072,0.222731,-0.1061,0.896469
09:00.0,-0.371323,0.193462,-0.094098,0.903237
10:00.0,-0.374182,0.163988,-0.081998,0.90905
11:00.0,-0.376648,0.134341,-0.06981,0.913901
12:00.0,-0.378716,0.104552,-0.057549,0.917786
13:00.0,-0.380386,0.074653,-0.045228,0.9207
14:00.0,-0.381654,0.044674,-0.032858,0.92264
15:00.0,-0.382521,0.014648,-0.020454,0.923604
16:00.0,-0.382984,-0.015393,-0.008029,0.923592
17:00.0,-0.383044,-0.045418,0.004406,0.922602
18:00.0,-0.382701,-0.075395,0.016835,0.920637
19:00.0,-0.381954,-0.105292,0.029247,0.917698
20:00.0,-0.380804,-0.135078,0.041629,0.913788
21:00.0,-0.379254,-0.164721,0.053966,0.908912
22:00.0,-0.377304,-0.194189,0.066247,0.903075
23:00.0,-0.374956,-0.223453,0.078458,0.896282
24:00.0,-0.372213,-0.252479,0.090586,0.888541
25:00.0,-0.369078,-0.281239,0.102619,0.879861
26:00.0,-0.365554,-0.309701,0.114544,0.87025
27:00.0,-0.361645,-0.337836,0.126348,0.859718
28:00.0,-0.357355,-0.365613,0.13802,0.848278
29:00.0,-0.352688,-0.393004,0.149545,0.83594
30:00.0,-0.34765,-0.419978,0.160914,0.822718
31:00.0,-0.342245,-0.446509,0.172113,0.808625
32:00.0,-0.33648,-0.472567,0.183131,0.793678
33:00.0,-0.33036,-0.498126,0.193955,0.777891
34:00.0,-0.323892,-0.523157,0.204576,0.761281
35:00.0,-0.317083,-0.547636,0.214981,0.743866
36:00.0,-0.30994,-0.571535,0.225159,0.725665
37:00.0,-0.30247,-0.594829,0.235101,0.706695
38:00.0,-0.294681,-0.617494,0.244795,0.686979
39:00.0,-0.286581,-0.639506,0.25423,0.666536
40:00.0,-0.27818,-0.660842,0.263398,0.645387
41:00.0,-0.269486,-0.681479,0.272289,0.623557
42:00.0,-0.260507,-0.701395,0.280893,0.601066
43:00.0,-0.251254,-0.720569,0.289201,0.57794
44:00.0,-0.241736,-0.738981,0.297204,0.554203
45:00.0,-0.231964,-0.756611,0.304894,0.52988
46:00.0,-0.221947,-0.773441,0.312263,0.504996
47:00.0,-0.211696,-0.789453,0.319303,0.479578
48:00.0,-0.201222,-0.80463,0.326006,0.453653
49:00.0,-0.190536,-0.818955,0.332366,0.427248
50:00.0,-0.179649,-0.832415,0.338376,0.400391
51:00.0,-0.168572,-0.844994,0.34403,0.373111
52:00.0,-0.157318,-0.856679,0.349321,0.345436
53:00.0,-0.145899,-0.867459,0.354244,0.317396
54:00.0,-0.134325,-0.877321,0.358793,0.28902
55:00.0,-0.12261,-0.886254,0.362965,0.260339
56:00.0,-0.110765,-0.894251,0.366754,0.231382
57:00.0,-0.098804,-0.901301,0.370157,0.202181
58:00.0,-0.086738,-0.907399,0.37317,0.172765
59:00.0,-0.074582,-0.912536,0.37579,0.143167
00:00.0,-0.062346,-0.916709,0.378014,0.113418
01:00.0,-0.050045,-0.919912,0.379839,0.083548
02:00.0,-0.03769,-0.922141,0.381265,0.053591
03:00.0,-0.025296,-0.923396,0.382288,0.023576
04:00.0,-0.012876,-0.923674,0.382909,-0.006463
05:00.0,-0.000441,-0.922974,0.383127,-0.036495
06:00.0,0.011993,-0.921299,0.38294,-0.066489
07:00.0,0.024416,-0.918649,0.382351,-0.096412
08:00.0,0.036812,-0.915028,0.381358,-0.126234
09:00.0,0.04917,-0.910439,0.379963,-0.155921
10:00.0,0.061477,-0.904886,0.378169,-0.185444
11:00.0,0.073718,-0.898377,0.375975,-0.214771
12:00.0,0.085882,-0.890918,0.373386,-0.243871
13:00.0,0.097956,-0.882516,0.370403,-0.272712
14:00.0,0.109926,-0.873181,0.36703,-0.301265
15:00.0,0.121781,-0.862922,0.36327,-0.3295
16:00.0,0.133507,-0.851751,0.359127,-0.357385
17:00.0,0.145093,-0.839678,0.354606,-0.384893
18:00.0,0.156526,-0.826718,0.349712,-0.411994
19:00.0,0.167794,-0.812883,0.344448,-0.438659
20:00.0,0.178886,-0.798189,0.338822,-0.46486
21:00.0,0.189789,-0.78265,0.332839,-0.490569
22:00.0,0.200492,-0.766283,0.326505,-0.515759
23:00.0,0.210984,-0.749106,0.319827,-0.540404
24:00.0,0.221254,-0.731137,0.312812,-0.564477
25:00.0,0.231291,-0.712394,0.305467,-0.587953
26:00.0,0.241084,-0.692898,0.2978,-0.610807
27:00.0,0.250623,-0.672669,0.28982,-0.633015
28:00.0,0.259898,-0.651729,0.281534,-0.654554
29:00.0,0.268899,-0.630099,0.272952,-0.6754
30:00.0,0.277617,-0.607803,0.264081,-0.695532
31:00.0,0.286043,-0.584864,0.254933,-0.714928
32:00.0,0.294167,-0.561307,0.245516,-0.733568
33:00.0,0.301982,-0.537156,0.23584,-0.751432
34:00.0,0.309478,-0.512436,0.225915,-0.768502
35:00.0,0.316648,-0.487175,0.215753,-0.784758
36:00.0,0.323485,-0.461399,0.205363,-0.800184
37:00.0,0.329981,-0.435134,0.194756,-0.814764
38:00.0,0.336129,-0.40841,0.183944,-0.828483
39:00.0,0.341923,-0.381253,0.172939,-0.841325
40:00.0,0.347357,-0.353693,0.161751,-0.853277
41:00.0,0.352425,-0.325759,0.150393,-0.864326
42:00.0,0.357121,-0.297481,0.138876,-0.874461
43:00.0,0.361442,-0.268888,0.127212,-0.883672
44:00.0,0.365381,-0.240011,0.115415,-0.891948
45:00.0,0.368936,-0.210879,0.103496,-0.89928
46:00.0,0.372102,-0.181525,0.091467,-0.905661
47:00.0,0.374876,-0.151979,0.079343,-0.911085
48:00.0,0.377255,-0.122272,0.067134,-0.915544
49:00.0,0.379236,-0.092436,0.054855,-0.919036
50:00.0,0.380818,-0.062502,0.042518,-0.921555
51:00.0,0.381999,-0.032502,0.030136,-0.923099
52:00.0,0.382777,-0.002468,0.017722,-0.923668
53:00.0,0.383152,0.027569,0.00529,-0.923259
54:00.0,0.383123,0.057577,-0.007149,-0.921873
55:00.0,0.38269,0.087524,-0.019579,-0.919513
56:00.0,0.381855,0.117378,-0.03199,-0.91618
57:00.0,0.380617,0.147108,-0.044366,-0.911878
58:00.0,0.378977,0.176682,-0.056696,-0.906612
59:00.0,0.376939,0.20607,-0.068967,-0.900387
00:00.0,0.374503,0.235239,-0.081164,-0.893209
01:00.0,0.371673,0.26416,-0.093277,-0.885087
02:00.0,0.368451,0.292801,-0.105291,-0.876028
03:00.0,0.364841,0.321132,-0.117194,-0.866043
04:00.0,0.360847,0.349124,-0.128974,-0.855142
05:00.0,0.356472,0.376746,-0.140618,-0.843337
06:00.0,0.351721,0.40397,-0.152114,-0.830639
07:00.0,0.3466,0.430767,-0.16345,-0.817063
08:00.0,0.341114,0.457108,-0.174613,-0.802623
09:00.0,0.335268,0.482965,-0.185593,-0.787334
10:00.0,0.329069,0.508312,-0.196377,-0.771212
11:00.0,0.322523,0.533121,-0.206955,-0.754275
12:00.0,0.315638,0.557366,-0.217314,-0.736539
13:00.0,0.30842,0.581022,-0.227445,-0.718025
14:00.0,0.300876,0.604062,-0.237336,-0.698752
15:00.0,0.293016,0.626464,-0.246977,-0.678739
16:00.0,0.284847,0.648204,-0.256358,-0.658008
17:00.0,0.276377,0.669258,-0.265468,-0.636582
18:00.0,0.267617,0.689603,-0.2743,-0.614482
19:00.0,0.258574,0.70922,-0.282842,-0.591732
20:00.0,0.249259,0.728086,-0.291086,-0.568357
21:00.0,0.239681,0.746182,-0.299024,-0.54438
22:00.0,0.229851,0.763489,-0.306646,-0.519828
23:00.0,0.219778,0.779989,-0.313946,-0.494726
24:00.0,0.209474,0.795663,-0.320915,-0.4691
25:00.0,0.198949,0.810496,-0.327545,-0.442979
26:00.0,0.188214,0.824471,-0.333831,-0.416389
27:00.0,0.177281,0.837575,-0.339765,-0.389358
28:00.0,0.16616,0.849792,-0.345341,-0.361916
29:00.0,0.154865,0.861111,-0.350553,-0.334091
30:00.0,0.143407,0.871519,-0.355396,-0.305913
31:00.0,0.131797,0.881005,-0.359864,-0.277411
32:00.0,0.120048,0.88956,-0.363954,-0.248616
33:00.0,0.108173,0.897173,-0.367659,-0.219558
34:00.0,0.096184,0.903838,-0.370978,-0.190267
35:00.0,0.084093,0.909546,-0.373906,-0.160776
36:00.0,0.071914,0.914293,-0.376439,-0.131114
37:00.0,0.059659,0.918072,-0.378576,-0.101314
38:00.0,0.04734,0.92088,-0.380315,-0.071407
39:00.0,0.034972,0.922715,-0.381652,-0.041424
40:00.0,0.022567,0.923573,-0.382587,-0.011398
41:00.0,0.010138,0.923455,-0.38312,0.018641
42:00.0,-0.002302,0.92236,-0.383248,0.04866
43:00.0,-0.014739,0.920289,-0.382973,0.078627
44:00.0,-0.027161,0.917245,-0.382294,0.108511
45:00.0,-0.039555,0.913231,-0.381213,0.13828
46:00.0,-0.051906,0.908251,-0.37973,0.167903
47:00.0,-0.064204,0.90231,-0.377846,0.197349
48:00.0,-0.076433,0.895415,-0.375565,0.226585
49:00.0,-0.088583,0.887573,-0.372888,0.255582
50:00.0,-0.100639,0.878792,-0.369818,0.284309
51:00.0,-0.112589,0.869082,-0.366358,0.312735
52:00.0,-0.12442,0.858452,-0.362512,0.34083
53:00.0,-0.136121,0.846914,-0.358284,0.368564
54:00.0,-0.147678,0.834481,-0.353679,0.395909
55:00.0,-0.15908,0.821165,-0.348701,0.422835
56:00.0,-0.170314,0.806981,-0.343356,0.449313
57:00.0,-0.181369,0.791943,-0.337648,0.475316
58:00.0,-0.192233,0.776067,-0.331585,0.500817
59:00.0,-0.202894,0.759371,-0.325173,0.525788
00:00.0,-0.213341,0.741871,-0.318417,0.550202
01:00.0,-0.223564,0.723587,-0.311327,0.574035
02:00.0,-0.233552,0.704538,-0.303908,0.59726
03:00.0,-0.243293,0.684743,-0.296169,0.619854
04:00.0,-0.252778,0.664224,-0.288118,0.641792
05:00.0,-0.261997,0.643003,-0.279763,0.663051
06:00.0,-0.27094,0.621102,-0.271113,0.683609
07:00.0,-0.279598,0.598543,-0.262178,0.703444
08:00.0,-0.287961,0.575352,-0.252966,0.722535
09:00.0,-0.29602,0.551552,-0.243488,0.740862
10:00.0,-0.303768,0.527169,-0.233753,0.758405
11:00.0,-0.311196,0.502228,-0.223772,0.775145
12:00.0,-0.318296,0.476756,-0.213554,0.791066
13:00.0,-0.32506,0.45078,-0.203112,0.80615
14:00.0,-0.331482,0.424327,-0.192456,0.820382
15:00.0,-0.337555,0.397426,-0.181597,0.833746
16:00.0,-0.343273,0.370104,-0.170546,0.846228
17:00.0,-0.348628,0.34239,-0.159316,0.857814
18:00.0,-0.353617,0.314315,-0.147917,0.868494
19:00.0,-0.358233,0.285907,-0.136363,0.878255
20:00.0,-0.362471,0.257197,-0.124665,0.887087
21:00.0,-0.366328,0.228214,-0.112836,0.894981
22:00.0,-0.369798,0.198991,-0.100887,0.901928
23:00.0,-0.372879,0.169557,-0.088832,0.907921
24:00.0,-0.375567,0.139943,-0.076684,0.912954
25:00.0,-0.37786,0.110182,-0.064454,0.917021
26:00.0,-0.379754,0.080304,-0.052157,0.920118
27:00.0,-0.381248,0.050342,-0.039804,0.922242
28:00.0,-0.382341,0.020326,-0.02741,0.923391
29:00.0,-0.38303,-0.009712,-0.014986,0.923563
30:00.0,-0.383317,-0.039739,-0.002547,0.922758
31:00.0,-0.383199,-0.069724,0.009895,0.920977
32:00.0,-0.382677,-0.099635,0.022327,0.918222
33:00.0,-0.381752,-0.129441,0.034736,0.914496
34:00.0,-0.380425,-0.159109,0.047108,0.909803
35:00.0,-0.378698,-0.18861,0.05943,0.904147
36:00.0,-0.376571,-0.217911,0.07169,0.897535
37:00.0,-0.374047,-0.246981,0.083874,0.889974
38:00.0,-0.371129,-0.27579,0.09597,0.881472
39:00.0,-0.36782,-0.304308,0.107966,0.872037
40:00.0,-0.364124,-0.332503,0.119847,0.86168
41:00.0,-0.360044,-0.360347,0.131602,0.850411
42:00.0,-0.355584,-0.38781,0.143219,0.838243
43:00.0,-0.35075,-0.414862,0.154685,0.825189
44:00.0,-0.345546,-0.441476,0.165988,0.811261
45:00.0,-0.339978,-0.467622,0.177116,0.796476
46:00.0,-0.334052,-0.493274,0.188058,0.780848
47:00.0,-0.327774,-0.518405,0.198801,0.764394
48:00.0,-0.32115,-0.542986,0.209336,0.747132
49:00.0,-0.314188,-0.566994,0.219649,0.72908
50:00.0,-0.306895,-0.590402,0.229732,0.710257
51:00.0,-0.299278,-0.613185,0.239572,0.690682
52:00.0,-0.291346,-0.63532,0.24916,0.670377
53:00.0,-0.283107,-0.656783,0.258486,0.649363
54:00.0,-0.27457,-0.677551,0.267539,0.627662
55:00.0,-0.265743,-0.697602,0.276311,0.605297
56:00.0,-0.256636,-0.716915,0.284791,0.582292
57:00.0,-0.247259,-0.735471,0.292972,0.558671
58:00.0,-0.237621,-0.753248,0.300844,0.534459
59:00.0,-0.227733,-0.770228,0.308399,0.509683
00:00.0,-0.217604,-0.786394,0.315629,0.484367
01:00.0,-0.207247,-0.801728,0.322526,0.458538
02:00.0,-0.196671,-0.816214,0.329084,0.432225
03:00.0,-0.185887,-0.829837,0.335295,0.405455
04:00.0,-0.174908,-0.842582,0.341153,0.378256
05:00.0,-0.163744,-0.854436,0.346651,0.350656
06:00.0,-0.152407,-0.865386,0.351784,0.322686
07:00.0,-0.14091,-0.875421,0.356547,0.294375
08:00.0,-0.129264,-0.88453,0.360934,0.265753
09:00.0,-0.117482,-0.892703,0.364941,0.236849
10:00.0,-0.105577,-0.899932,0.368563,0.207695
11:00.0,-0.093559,-0.906209,0.371797,0.178321
12:00.0,-0.081443,-0.911528,0.374639,0.148759
13:00.0,-0.069242,-0.915883,0.377087,0.119039
14:00.0,-0.056967,-0.919269,0.379137,0.089194
15:00.0,-0.044632,-0.921682,0.380787,0.059254
16:00.0,-0.03225,-0.923121,0.382037,0.029252
17:00.0,-0.019833,-0.923583,0.382884,-0.000782
18:00.0,-0.007396,-0.923069,0.383328,-0.030814
19:00.0,0.005049,-0.921578,0.383367,-0.060814
20:00.0,0.017489,-0.919112,0.383003,-0.090749
21:00.0,0.02991,-0.915675,0.382235,-0.120589
22:00.0,0.0423,-0.911268,0.381065,-0.150301
23:00.0,0.054646,-0.905898,0.379493,-0.179853
24:00.0,0.066934,-0.89957,0.377521,-0.209216
25:00.0,0.079152,-0.892291,0.375151,-0.238357
26:00.0,0.091286,-0.884067,0.372386,-0.267246
27:00.0,0.103325,-0.874909,0.369228,-0.295852
28:00.0,0.115255,-0.864825,0.365682,-0.324146
29:00.0,0.127063,-0.853827,0.36175,-0.352096
30:00.0,0.138737,-0.841925,0.357437,-0.379674
31:00.0,0.150266,-0.829133,0.352747,-0.406851
32:00.0,0.161636,-0.815464,0.347686,-0.433597
33:00.0,0.172836,-0.800933,0.342258,-0.459884
34:00.0,0.183854,-0.785554,0.33647,-0.485685
35:00.0,0.194678,-0.769345,0.330327,-0.510973
36:00.0,0.205298,-0.752322,0.323836,-0.535719
37:00.0,0.215701,-0.734503,0.317004,-0.559899
38:00.0,0.225876,-0.715907,0.309837,-0.583487
39:00.0,0.235814,-0.696554,0.302344,-0.606458
40:00.0,0.245504,-0.676465,0.294533,-0.628787
41:00.0,0.254935,-0.65566,0.286411,-0.650451
42:00.0,0.264098,-0.634162,0.277987,-0.671428
43:00.0,0.272982,-0.611992,0.26927,-0.691693
44:00.0,0.281579,-0.589176,0.260269,-0.711228
45:00.0,0.289879,-0.565737,0.250995,-0.73001
46:00.0,0.297874,-0.541699,0.241455,-0.74802
47:00.0,0.305554,-0.517088,0.231661,-0.765238
48:00.0,0.312914,-0.49193,0.221623,-0.781648
49:00.0,0.319943,-0.466252,0.211351,-0.79723
50:00.0,0.326635,-0.440081,0.200857,-0.811969
51:00.0,0.332984,-0.413445,0.190151,-0.82585
52:00.0,0.338981,-0.386371,0.179244,-0.838857
53:00.0,0.344622,-0.358889,0.168148,-0.850976
54:00.0,0.349899,-0.331027,0.156876,-0.862196
55:00.0,0.354808,-0.302815,0.145437,-0.872504
56:00.0,0.359343,-0.274283,0.133846,-0.881888
57:00.0,0.363499,-0.24546,0.122113,-0.89034
58:00.0,0.367272,-0.216379,0.110252,-0.897851
59:00.0,0.370659,-0.187068,0.098274,-0.904411
00:00.0,0.373655,-0.157559,0.086192,-0.910015
01:00.0,0.376257,-0.127884,0.07402,-0.914657
02:00.0,0.378463,-0.098074,0.06177,-0.918331
03:00.0,0.38027,-0.06816,0.049454,-0.921034
04:00.0,0.381676,-0.038174,0.037086,-0.922763
05:00.0,0.38268,-0.008148,0.024679,-0.923515
06:00.0,0.383281,0.021887,0.012246,-0.923291
07:00.0,0.383478,0.051899,-0.0002,-0.92209
08:00.0,0.383272,0.081856,-0.012646,-0.919914
09:00.0,0.382661,0.111726,-0.025079,-0.916765
10:00.0,0.381647,0.141478,-0.037485,-0.912647
11:00.0,0.380231,0.17108,-0.049853,-0.907563
12:00.0,0.378414,0.200502,-0.062167,-0.901519
13:00.0,0.376199,0.229711,-0.074417,-0.894522
14:00.0,0.373587,0.258677,-0.086588,-0.886579
15:00.0,0.370582,0.28737,-0.098667,-0.877697
16:00.0,0.367186,0.315758,-0.110643,-0.867888
17:00.0,0.363403,0.343813,-0.122503,-0.857161
18:00.0,0.359237,0.371503,-0.134234,-0.845527
19:00.0,0.354693,0.398801,-0.145823,-0.832998
20:00.0,0.349775,0.425677,-0.157259,-0.819589
21:00.0,0.344488,0.452103,-0.168529,-0.805313
22:00.0,0.338838,0.478051,-0.179621,-0.790185
23:00.0,0.332831,0.503492,-0.190525,-0.774222
24:00.0,0.326474,0.528402,-0.201228,-0.757439
25:00.0,0.319772,0.552752,-0.211718,-0.739855
26:00.0,0.312734,0.576518,-0.221986,-0.721489
27:00.0,0.305366,0.599674,-0.23202,-0.70236
28:00.0,0.297676,0.622195,-0.24181,-0.682488
29:00.0,0.289672,0.644059,-0.251345,-0.661894
30:00.0,0.281363,0.665241,-0.260615,-0.640601
31:00.0,0.272758,0.685719,-0.269611,-0.618629
32:00.0,0.263865,0.705473,-0.278323,-0.596003
33:00.0,0.254694,0.72448,-0.286742,-0.572747
34:00.0,0.245254,0.74272,-0.294858,-0.548886
35:00.0,0.235556,0.760176,-0.302664,-0.524443
36:00.0,0.22561,0.776827,-0.310151,-0.499446
37:00.0,0.215426,0.792656,-0.317311,-0.473921
38:00.0,0.205015,0.807647,-0.324138,-0.447895
39:00.0,0.194387,0.821784,-0.330622,-0.421395
40:00.0,0.183555,0.835052,-0.336759,-0.394449
41:00.0,0.172529,0.847436,-0.34254,-0.367086
42:00.0,0.161322,0.858924,-0.347961,-0.339335
43:00.0,0.149944,0.869503,-0.353015,-0.311225
44:00.0,0.138408,0.879163,-0.357697,-0.282786
45:00.0,0.126727,0.887893,-0.362002,-0.254048
46:00.0,0.114911,0.895684,-0.365926,-0.225041
47:00.0,0.102975,0.902527,-0.369465,-0.195796
48:00.0,0.09093,0.908416,-0.372614,-0.166344
49:00.0,0.078789,0.913344,-0.375371,-0.136717
50:00.0,0.066565,0.917306,-0.377732,-0.106944
51:00.0,0.05427,0.920298,-0.379695,-0.077059
52:00.0,0.041919,0.922316,-0.381258,-0.047092
53:00.0,0.029523,0.923359,-0.382419,-0.017076
54:00.0,0.017095,0.923425,-0.383178,0.012959
55:00.0,0.00465,0.922515,-0.383532,0.04298
56:00.0,-0.0078,0.920629,-0.383483,0.072955
57:00.0,-0.020243,0.917769,-0.38303,0.102853
58:00.0,-0.032664,0.913938,-0.382173,0.132643
59:00.0,-0.04505,0.909141,-0.380913,0.162292
00:00.0,-0.05739,0.903382,-0.379252,0.191769
01:00.0,-0.069669,0.896668,-0.377191,0.221043
02:00.0,-0.081874,0.889005,-0.374733,0.250084
03:00.0,-0.093994,0.880402,-0.37188,0.27886
04:00.0,-0.106015,0.870868,-0.368635,0.307341
05:00.0,-0.117924,0.860413,-0.365002,0.335497
06:00.0,-0.129708,0.849047,-0.360984,0.363298
07:00.0,-0.141357,0.836784,-0.356586,0.390714
08:00.0,-0.152856,0.823636,-0.351812,0.417718
09:00.0,-0.164195,0.809616,-0.346667,0.444279
10:00.0,-0.175361,0.79474,-0.341157,0.470371
11:00.0,-0.186342,0.779024,-0.335287,0.495965
12:00.0,-0.197126,0.762484,-0.329064,0.521034
13:00.0,-0.207703,0.745137,-0.322494,0.545552
14:00.0,-0.218062,0.727002,-0.315585,0.569494
15:00.0,-0.228191,0.708099,-0.308342,0.592832
16:00.0,-0.238079,0.688446,-0.300775,0.615544
17:00.0,-0.247717,0.668065,-0.292891,0.637605
18:00.0,-0.257093,0.646978,-0.284698,0.658991
19:00.0,-0.266199,0.625206,-0.276205,0.67968
20:00.0,-0.275025,0.602774,-0.267422,0.699651
21:00.0,-0.283561,0.579703,-0.258356,0.718881
22:00.0,-0.291798,0.55602,-0.249018,0.737351
23:00.0,-0.299727,0.531748,-0.239417,0.755041
24:00.0,-0.307341,0.506915,-0.229564,0.771932
25:00.0,-0.314632,0.481545,-0.219469,0.788007
26:00.0,-0.321591,0.455665,-0.209143,0.803248
27:00.0,-0.328211,0.429304,-0.198596,0.81764
28:00.0,-0.334485,0.402489,-0.18784,0.831167
29:00.0,-0.340407,0.375248,-0.176886,0.843815
30:00.0,-0.34597,0.34761,-0.165745,0.85557
31:00.0,-0.351169,0.319605,-0.15443,0.86642
32:00.0,-0.355998,0.291262,-0.142952,0.876354
33:00.0,-0.360451,0.26261,-0.131323,0.885361
34:00.0,-0.364525,0.233681,-0.119556,0.893432
35:00.0,-0.368215,0.204505,-0.107662,0.900558
36:00.0,-0.371517,0.175113,-0.095655,0.906731
37:00.0,-0.374428,0.145535,-0.083547,0.911945
38:00.0,-0.376944,0.115804,-0.071351,0.916194
39:00.0,-0.379063,0.08595,-0.05908,0.919474
40:00.0,-0.380783,0.056005,-0.046746,0.921782
41:00.0,-0.382101,0.026001,-0.034363,0.923115
42:00.0,-0.383017,-0.00403,-0.021944,0.923472
43:00.0,-0.383529,-0.034057,-0.009501,0.922852
44:00.0,-0.383637,-0.064048,0.002952,0.921255
45:00.0,-0.383341,-0.093971,0.015402,0.918685
46:00.0,-0.382641,-0.123795,0.027835,0.915142
47:00.0,-0.381538,-0.153488,0.04024,0.910632
48:00.0,-0.380033,-0.183018,0.052602,0.905159
49:00.0,-0.378127,-0.212355,0.064909,0.898728
50:00.0,-0.375823,-0.241467,0.077147,0.891347
51:00.0,-0.373123,-0.270324,0.089305,0.883022
52:00.0,-0.37003,-0.298895,0.101368,0.873764
53:00.0,-0.366547,-0.327149,0.113325,0.863582
54:00.0,-0.362677,-0.355058,0.125163,0.852487
55:00.0,-0.358426,-0.38259,0.136868,0.840489
56:00.0,-0.353797,-0.409719,0.14843,0.827603
57:00.0,-0.348794,-0.436413,0.159835,0.813842
58:00.0,-0.343425,-0.462647,0.171072,0.79922
59:00.0,-0.337693,-0.48839,0.182129,0.783752
00:00.0,-0.331606,-0.513617,0.192994,0.767456
01:00.0,-0.325169,-0.538301,0.203656,0.750347
02:00.0,-0.318389,-0.562416,0.214104,0.732446
03:00.0,-0.311274,-0.585935,0.224325,0.713769
04:00.0,-0.303831,-0.608835,0.234311,0.694338
05:00.0,-0.296068,-0.631091,0.24405,0.674172
06:00.0,-0.287992,-0.652679,0.253532,0.653293
07:00.0,-0.279613,-0.673577,0.262746,0.631724
08:00.0,-0.27094,-0.693762,0.271684,0.609486
09:00.0,-0.26198,-0.713214,0.280336,0.586603
10:00.0,-0.252745,-0.731911,0.288693,0.563101
11:00.0,-0.243243,-0.749834,0.296745,0.539002
12:00.0,-0.233485,-0.766964,0.304485,0.514334
13:00.0,-0.223481,-0.783283,0.311904,0.489121
14:00.0,-0.213241,-0.798773,0.318995,0.463392
15:00.0,-0.202777,-0.813419,0.325749,0.437172
16:00.0,-0.192098,-0.827204,0.33216,0.41049
17:00.0,-0.181217,-0.840114,0.338222,0.383374
18:00.0,-0.170146,-0.852135,0.343927,0.355852
19:00.0,-0.158894,-0.863255,0.34927,0.327954
20:00.0,-0.147475,-0.873462,0.354244,0.299709
21:00.0,-0.135901,-0.882745,0.358846,0.271147
22:00.0,-0.124183,-0.891095,0.36307,0.242299
23:00.0,-0.112335,-0.898502,0.366911,0.213194
24:00.0,-0.100368,-0.904959,0.370365,0.183864
25:00.0,-0.088295,-0.910458,0.373429,0.154339
26:00.0,-0.076129,-0.914995,0.3761,0.124652
27:00.0,-0.063882,-0.918563,0.378375,0.094832
28:00.0,-0.051568,-0.92116,0.380251,0.064912
29:00.0,-0.0392,-0.922783,0.381726,0.034924
30:00.0,-0.02679,-0.92343,0.382799,0.004898
31:00.0,-0.014352,-0.9231,0.383469,-0.025132
32:00.0,-0.001899,-0.921794,0.383735,-0.055136
33:00.0,0.010557,-0.919513,0.383596,-0.085081
34:00.0,0.023001,-0.916259,0.383053,-0.114937
35:00.0,0.035421,-0.912036,0.382107,-0.14467
36:00.0,0.047805,-0.906849,0.380758,-0.174251
37:00.0,0.060138,-0.900702,0.379008,-0.203647
38:00.0,0.072407,-0.893603,0.376858,-0.232828
39:00.0,0.084601,-0.885559,0.374311,-0.261763
40:00.0,0.096705,-0.876578,0.37137,-0.290421
41:00.0,0.108708,-0.866669,0.368038,-0.318771
42:00.0,0.120596,-0.855845,0.364317,-0.346784
43:00.0,0.132358,-0.844115,0.360213,-0.374431
44:00.0,0.14398,-0.831492,0.355729,-0.401681
45:00.0,0.15545,-0.81799,0.350871,-0.428507
46:00.0,0.166757,-0.803622,0.345642,-0.454879
47:00.0,0.177888,-0.788405,0.34005,-0.48077
48:00.0,0.188832,-0.772354,0.334099,-0.506152
49:00.0,0.199577,-0.755486,0.327796,-0.530999
50:00.0,0.210112,-0.737819,0.321147,-0.555285
51:00.0,0.220425,-0.719371,0.31416,-0.578983
52:00.0,0.230507,-0.700163,0.306842,-0.602068
53:00.0,0.240346,-0.680214,0.299201,-0.624517
54:00.0,0.249931,-0.659546,0.291244,-0.646305
55:00.0,0.259253,-0.63818,0.28298,-0.66741
56:00.0,0.268302,-0.616139,0.274419,-0.687809
57:00.0,0.277069,-0.593447,0.265567,-0.70748
58:00.0,0.285544,-0.570127,0.256436,-0.726402
59:00.0,0.293718,-0.546204,0.247035,-0.744557
00:00.0,0.301582,-0.521703,0.237373,-0.761924
01:00.0,0.309129,-0.496651,0.227461,-0.778485
02:00.0,0.31635,-0.471073,0.217309,-0.794222
03:00.0,0.323238,-0.444997,0.206928,-0.80912
04:00.0,0.329786,-0.418451,0.196329,-0.823162
05:00.0,0.335986,-0.391462,0.185523,-0.836333
06:00.0,0.341832,-0.364059,0.174522,-0.848619
07:00.0,0.347318,-0.336271,0.163336,-0.860008
08:00.0,0.352438,-0.308127,0.151979,-0.870487
09:00.0,0.357187,-0.279658,0.140461,-0.880045
10:00.0,0.361559,-0.250893,0.128794,-0.888673
11:00.0,0.365551,-0.221862,0.116992,-0.896361
12:00.0,0.369157,-0.192597,0.105067,-0.9031
13:00.0,0.372375,-0.163128,0.093031,-0.908885
14:00.0,0.3752,-0.133487,0.080897,-0.913708
15:00.0,0.37763,-0.103704,0.068677,-0.917565
16:00.0,0.379662,-0.073812,0.056385,-0.920451
17:00.0,0.381294,-0.043842,0.044033,-0.922363
18:00.0,0.382524,-0.013826,0.031635,-0.9233
19:00.0,0.383351,0.016205,0.019203,-0.923261
20:00.0,0.383774,0.046219,0.006751,-0.922245
21:00.0,0.383793,0.076184,-0.005708,-0.920253
22:00.0,0.383408,0.106068,-0.018162,-0.917288
23:00.0,0.382618,0.13584,-0.030596,-0.913353
24:00.0,0.381426,0.165468,-0.042999,-0.908452
25:00.0,0.379831,0.194921,-0.055356,-0.902591
26:00.0,0.377837,0.224168,-0.067655,-0.895774
27:00.0,0.375444,0.253178,-0.079883,-0.88801
28:00.0,0.372655,0.28192,-0.092026,-0.879307
29:00.0,0.369474,0.310363,-0.104073,-0.869674
30:00.0,0.365904,0.338479,-0.116011,-0.859121
31:00.0,0.361947,0.366236,-0.127826,-0.847659
32:00.0,0.35761,0.393606,-0.139507,-0.835301
33:00.0,0.352896,0.42056,-0.151041,-0.822059
34:00.0,0.347809,0.447068,-0.162415,-0.807948
35:00.0,0.342357,0.473104,-0.173619,-0.792982
36:00.0,0.336543,0.49864,-0.18464,-0.777178
37:00.0,0.330375,0.523647,-0.195467,-0.760551
38:00.0,0.323858,0.548101,-0.206088,-0.743121
39:00.0,0.317001,0.571976,-0.216491,-0.724904
40:00.0,0.309809,0.595245,-0.226667,-0.705921
41:00.0,0.302291,0.617884,-0.236604,-0.686191
42:00.0,0.294454,0.63987,-0.246292,-0.665735
43:00.0,0.286307,0.66118,-0.25572,-0.644575
44:00.0,0.277858,0.68179,-0.264879,-0.622734
45:00.0,0.269116,0.701678,-0.273759,-0.600233
46:00.0,0.26009,0.720825,-0.282351,-0.577099
47:00.0,0.250791,0.739209,-0.290645,-0.553353
48:00.0,0.241227,0.756811,-0.298633,-0.529023
49:00.0,0.231408,0.773613,-0.306307,-0.504133
50:00.0,0.221346,0.789596,-0.313658,-0.478709
51:00.0,0.211051,0.804744,-0.320678,-0.45278
52:00.0,0.200533,0.819041,-0.327361,-0.426372
53:00.0,0.189803,0.832472,-0.333699,-0.399512
54:00.0,0.178874,0.845022,-0.339685,-0.372231
55:00.0,0.167756,0.856679,-0.345313,-0.344555
56:00.0,0.156461,0.867429,-0.350578,-0.316515
57:00.0,0.145001,0.877262,-0.355473,-0.288141
58:00.0,0.133388,0.886167,-0.359994,-0.259462
59:00.0,0.121634,0.894134,-0.364136,-0.230508
00:00.0,0.109752,0.901156,-0.367894,-0.201311
01:00.0,0.097755,0.907225,-0.371264,-0.171901
02:00.0,0.085654,0.912334,-0.374243,-0.142309
03:00.0,0.073463,0.916478,-0.376828,-0.112566
04:00.0,0.061194,0.919653,-0.379016,-0.082705
05:00.0,0.048861,0.921855,-0.380804,-0.052756
06:00.0,0.036476,0.923083,-0.382192,-0.022751
07:00.0,0.024053,0.923333,-0.383176,0.007277
08:00.0,0.011604,0.922608,-0.383757,0.037298
09:00.0,-0.000858,0.920906,-0.383934,0.067279
10:00.0,-0.013318,0.91823,-0.383706,0.09719
11:00.0,-0.025765,0.914583,-0.383073,0.126997
12:00.0,-0.038185,0.909969,-0.382037,0.15667
13:00.0,-0.050564,0.904393,-0.380599,0.186177
14:00.0,-0.062891,0.897859,-0.378759,0.215487
15:00.0,-0.075151,0.890377,-0.376521,0.244569
16:00.0,-0.087332,0.881952,-0.373885,0.273393
17:00.0,-0.099421,0.872595,-0.370856,0.301927
18:00.0,-0.111406,0.862314,-0.367436,0.330142
19:00.0,-0.123274,0.851122,-0.363628,0.358007
20:00.0,-0.135011,0.83903,-0.359438,0.385494
21:00.0,-0.146607,0.82605,-0.354868,0.412573
22:00.0,-0.158048,0.812196,-0.349925,0.439216
23:00.0,-0.169323,0.797484,-0.344613,0.465394
24:00.0,-0.180419,0.781927,-0.338938,0.49108
25:00.0,-0.191326,0.765544,-0.332906,0.516246
26:00.0,-0.202031,0.748352,-0.326522,0.540866
27:00.0,-0.212523,0.730367,-0.319795,0.564915
28:00.0,-0.222792,0.711611,-0.312731,0.588365
29:00.0,-0.232826,0.692101,-0.305337,0.611193
30:00.0,-0.242614,0.67186,-0.297621,0.633375
31:00.0,-0.252148,0.650908,-0.289591,0.654887
32:00.0,-0.261415,0.629268,-0.281257,0.675706
33:00.0,-0.270407,0.606962,-0.272625,0.69581
34:00.0,-0.279115,0.584014,-0.263707,0.715179
35:00.0,-0.287528,0.560449,-0.254511,0.733791
36:00.0,-0.295639,0.536291,-0.245046,0.751626
37:00.0,-0.303438,0.511566,-0.235323,0.768667
38:00.0,-0.310917,0.486299,-0.225352,0.784895
39:00.0,-0.318069,0.460519,-0.215143,0.800292
40:00.0,-0.324886,0.434251,-0.204708,0.814843
41:00.0,-0.331361,0.407524,-0.194056,0.828533
42:00.0,-0.337487,0.380366,-0.183201,0.841345
43:00.0,-0.343257,0.352806,-0.172152,0.853268
44:00.0,-0.348665,0.324873,-0.160921,0.864289
45:00.0,-0.353706,0.296596,-0.149521,0.874395
46:00.0,-0.358375,0.268005,-0.137963,0.883576
47:00.0,-0.362666,0.239132,-0.12626,0.891823
48:00.0,-0.366575,0.210005,-0.114423,0.899126
49:00.0,-0.370097,0.180656,-0.102466,0.905479
50:00.0,-0.37323,0.151116,-0.0904,0.910874
51:00.0,-0.37597,0.121417,-0.07824,0.915305
52:00.0,-0.378313,0.091589,-0.065996,0.918768
53:00.0,-0.380258,0.061664,-0.053683,0.92126
54:00.0,-0.381802,0.031674,-0.041314,0.922777
55:00.0,-0.382944,0.00165,-0.0289,0.923318
56:00.0,-0.383682,-0.028375,-0.016456,0.922882
57:00.0,-0.384017,-0.05837,-0.003995,0.921471
58:00.0,-0.383946,-0.088303,0.008471,0.919084
59:00.0,-0.383471,-0.118143,0.020928,0.915726
00:00.0,-0.382592,-0.147857,0.033363,0.911399
01:00.0,-0.38131,-0.177416,0.045763,0.906108
02:00.0,-0.379626,-0.206786,0.058115,0.899859
03:00.0,-0.377542,-0.235938,0.070406,0.892658
04:00.0,-0.37506,-0.26484,0.082623,0.884513
05:00.0,-0.372183,-0.293462,0.094753,0.875432
06:00.0,-0.368914,-0.321774,0.106783,0.865426
07:00.0,-0.365256,-0.349745,0.118701,0.854504
08:00.0,-0.361213,-0.377346,0.130494,0.842678
09:00.0,-0.356789,-0.404548,0.142149,0.829961
10:00.0,-0.35199,-0.431322,0.153655,0.816367
11:00.0,-0.346819,-0.45764,0.164999,0.801908
12:00.0,-0.341283,-0.483474,0.17617,0.786602
13:00.0,-0.335387,-0.508796,0.187155,0.770464
14:00.0,-0.329138,-0.53358,0.197943,0.753511
15:00.0,-0.322542,-0.5578,0.208522,0.735761
16:00.0,-0.315607,-0.58143,0.218882,0.717233
17:00.0,-0.308338,-0.604445,0.229011,0.697946
18:00.0,-0.300744,-0.62682,0.2389,0.677921
19:00.0,-0.292834,-0.648532,0.248536,0.657179
20:00.0,-0.284615,-0.669559,0.257911,0.635742
21:00.0,-0.276096,-0.689877,0.267014,0.613632
22:00.0,-0.267286,-0.709465,0.275836,0.590874
23:00.0,-0.258194,-0.728303,0.284367,0.567491
24:00.0,-0.24883,-0.746371,0.292599,0.543507
25:00.0,-0.239204,-0.763649,0.300523,0.518949
26:00.0,-0.229325,-0.780119,0.30813,0.493842
27:00.0,-0.219205,-0.795765,0.315412,0.468213
28:00.0,-0.208854,-0.810568,0.322362,0.442088
29:00.0,-0.198282,-0.824514,0.328973,0.415496
30:00.0,-0.187502,-0.837588,0.335237,0.388465
31:00.0,-0.176523,-0.849777,0.341148,0.361022
32:00.0,-0.165359,-0.861066,0.3467,0.333198
33:00.0,-0.15402,-0.871445,0.351886,0.305022
34:00.0,-0.142519,-0.880902,0.356702,0.276523
35:00.0,-0.130868,-0.889427,0.361141,0.247731
36:00.0,-0.119078,-0.897011,0.365201,0.218678
37:00.0,-0.107163,-0.903647,0.368875,0.189393
38:00.0,-0.095135,-0.909326,0.372161,0.159908
39:00.0,-0.083007,-0.914045,0.375055,0.130254
40:00.0,-0.070791,-0.917796,0.377554,0.100463
41:00.0,-0.0585,-0.920576,0.379655,0.070565
42:00.0,-0.046147,-0.922383,0.381355,0.040593
43:00.0,-0.033746,-0.923214,0.382655,0.010577
44:00.0,-0.021309,-0.923069,0.383551,-0.019449
45:00.0,-0.008849,-0.921948,0.384042,-0.049455
46:00.0,0.00362,-0.919851,0.384129,-0.079408
47:00.0,0.016086,-0.916781,0.383812,-0.109278
48:00.0,0.028534,-0.912742,0.38309,-0.139032
49:00.0,0.040953,-0.907738,0.381964,-0.168638
50:00.0,0.053329,-0.901773,0.380436,-0.198066
51:00.0,0.065649,-0.894854,0.378507,-0.227285
52:00.0,0.077899,-0.886989,0.376179,-0.256263
53:00.0,0.090068,-0.878186,0.373455,-0.28497
54:00.0,0.102142,-0.868454,0.370337,-0.313376
55:00.0,0.114109,-0.857804,0.366829,-0.34145
56:00.0,0.125955,-0.846246,0.362934,-0.369163
57:00.0,0.137669,-0.833793,0.358657,-0.396485
58:00.0,0.149238,-0.820459,0.354002,-0.423388
59:00.0,0.16065,-0.806257,0.348974,-0.449843
00:00.0,0.171893,-0.791201,0.343578,-0.475823
01:00.0,0.182954,-0.77531,0.33782,-0.501299
02:00.0,0.193823,-0.758598,0.331706,-0.526244
03:00.0,0.204488,-0.741083,0.325243,-0.550633
04:00.0,0.214938,-0.722785,0.318437,-0.57444
05:00.0,0.225161,-0.703723,0.311295,-0.597639
06:00.0,0.235147,-0.683916,0.303825,-0.620206
07:00.0,0.244886,-0.663386,0.296034,-0.642116
08:00.0,0.254367,-0.642154,0.287932,-0.663348
09:00.0,0.263579,-0.620244,0.279526,-0.683878
10:00.0,0.272514,-0.597677,0.270826,-0.703684
11:00.0,0.281162,-0.574478,0.26184,-0.722747
12:00.0,0.289514,-0.550671,0.252578,-0.741044
13:00.0,0.297561,-0.526283,0.24305,-0.758558
14:00.0,0.305295,-0.501337,0.233266,-0.77527
15:00.0,0.312707,-0.475861,0.223236,-0.791161
16:00.0,0.319789,-0.449883,0.21297,-0.806216
17:00.0,0.326535,-0.423428,0.20248,-0.820418
18:00.0,0.332937,-0.396525,0.191777,-0.833752
19:00.0,0.338988,-0.369204,0.180871,-0.846204
20:00.0,0.344682,-0.341491,0.169774,-0.857762
21:00.0,0.350012,-0.313418,0.158499,-0.868412
22:00.0,0.354974,-0.285013,0.147056,-0.878143
23:00.0,0.359562,-0.256307,0.135458,-0.886946
24:00.0,0.363772,-0.227329,0.123718,-0.89481
25:00.0,0.367598,-0.198112,0.111847,-0.901728
26:00.0,0.371036,-0.168685,0.099858,-0.907693
27:00.0,0.374084,-0.139079,0.087763,-0.912697
28:00.0,0.376738,-0.109327,0.075576,-0.916736
29:00.0,0.378994,-0.079459,0.063309,-0.919805
30:00.0,0.380852,-0.049507,0.050976,-0.921902
31:00.0,0.382308,-0.019502,0.038588,-0.923023
32:00.0,0.383361,0.010523,0.02616,-0.923168
33:00.0,0.384011,0.040536,0.013704,-0.922337
34:00.0,0.384256,0.070507,0.001233,-0.92053
35:00.0,0.384096,0.100403,-0.011239,-0.917749
36:00.0,0.383531,0.130193,-0.0237,-0.913998
37:00.0,0.382562,0.159845,-0.036135,-0.90928
38:00.0,0.38119,0.189329,-0.048533,-0.9036
39:00.0,0.379416,0.218611,-0.06088,-0.896965
40:00.0,0.377243,0.247663,-0.073162,-0.889381
41:00.0,0.374672,0.276452,-0.085368,-0.880856
42:00.0,0.371706,0.304949,-0.097484,-0.8714
43:00.0,0.368348,0.333123,-0.109498,-0.861022
44:00.0,0.364603,0.360945,-0.121396,-0.849733
45:00.0,0.360473,0.388385,-0.133166,-0.837546
46:00.0,0.355963,0.415415,-0.144797,-0.824473
47:00.0,0.351078,0.442004,-0.156274,-0.810527
48:00.0,0.345823,0.468127,-0.167588,-0.795725
49:00.0,0.340204,0.493754,-0.178725,-0.780081
50:00.0,0.334226,0.518859,-0.189673,-0.763612
51:00.0,0.327896,0.543415,-0.200422,-0.746335
52:00.0,0.32122,0.567396,-0.21096,-0.728269
53:00.0,0.314206,0.590777,-0.221276,-0.709432
54:00.0,0.306861,0.613533,-0.231359,-0.689846
55:00.0,0.299192,0.63564,-0.241198,-0.66953
56:00.0,0.291208,0.657075,-0.250783,-0.648505
57:00.0,0.282917,0.677814,-0.260104,-0.626795
58:00.0,0.274327,0.697837,-0.269151,-0.604422
59:00.0,0.265449,0.717122,-0.277915,-0.58141
00:00.0,0.256291,0.735648,-0.286385,-0.557782
01:00.0,0.246862,0.753396,-0.294554,-0.533565
02:00.0,0.237174,0.770347,-0.302413,-0.508784
03:00.0,0.227235,0.786483,-0.309954,-0.483464
04:00.0,0.217057,0.801787,-0.317168,-0.457633
05:00.0,0.20665,0.816244,-0.324047,-0.431318
06:00.0,0.196025,0.829837,-0.330586,-0.404548
07:00.0,0.185193,0.842552,-0.336776,-0.377349
08:00.0,0.174166,0.854376,-0.342611,-0.349751
09:00.0,0.162955,0.865296,-0.348086,-0.321783
10:00.0,0.151573,0.875301,-0.353193,-0.293475
11:00.0,0.140031,0.884381,-0.357929,-0.264857
12:00.0,0.128341,0.892524,-0.362288,-0.235959
13:00.0,0.116516,0.899724,-0.366264,-0.206811
14:00.0,0.104567,0.905973,-0.369855,-0.177444
15:00.0,0.092509,0.911262,-0.373057,-0.14789
16:00.0,0.080353,0.915589,-0.375865,-0.118179
17:00.0,0.068112,0.918946,-0.378277,-0.088344
18:00.0,0.055799,0.921332,-0.380291,-0.058415
19:00.0,0.043427,0.922743,-0.381904,-0.028424
20:00.0,0.031009,0.923179,-0.383115,0.001596
21:00.0,0.018558,0.922638,-0.383922,0.031615
22:00.0,0.006088,0.921121,-0.384324,0.0616
23:00.0,-0.006389,0.918629,-0.384322,0.09152
24:00.0,-0.018859,0.915166,-0.383915,0.121344
25:00.0,-0.03131,0.910736,-0.383103,0.151038
26:00.0,-0.043728,0.905342,-0.381887,0.180573
27:00.0,-0.0561,0.89899,-0.380269,0.209917
28:00.0,-0.068413,0.891688,-0.37825,0.239039
29:00.0,-0.080654,0.883442,-0.375833,0.267908
30:00.0,-0.09281,0.874262,-0.37302,0.296494
31:00.0,-0.104868,0.864157,-0.369813,0.324766
32:00.0,-0.116817,0.853139,-0.366217,0.352694
33:00.0,-0.128642,0.841218,-0.362235,0.380249
34:00.0,-0.140332,0.828407,-0.357871,0.407402
35:00.0,-0.151874,0.81472,-0.353131,0.434124
36:00.0,-0.163256,0.800172,-0.348018,0.460387
37:00.0,-0.174467,0.784777,-0.342538,0.486163
38:00.0,-0.185493,0.768552,-0.336697,0.511424
39:00.0,-0.196325,0.751515,-0.330501,0.536145
40:00.0,-0.206949,0.733682,-0.323957,0.560298
41:00.0,-0.217356,0.715074,-0.317072,0.583859
42:00.0,-0.227534,0.695709,-0.309852,0.606802
43:00.0,-0.237472,0.675609,-0.302306,0.629103
44:00.0,-0.24716,0.654794,-0.294441,0.650739
45:00.0,-0.256588,0.633286,-0.286266,0.671687
46:00.0,-0.265746,0.611109,-0.277789,0.691924
47:00.0,-0.274624,0.588285,-0.26902,0.711429
48:00.0,-0.283212,0.564839,-0.259966,0.730182
49:00.0,-0.291502,0.540796,-0.250639,0.748162
50:00.0,-0.299486,0.516181,-0.241047,0.765351
51:00.0,-0.307153,0.49102,-0.231202,0.78173
52:00.0,-0.314497,0.46534,-0.221112,0.797283
53:00.0,-0.32151,0.439167,-0.21079,0.811992
54:00.0,-0.328184,0.41253,-0.200245,0.825842
55:00.0,-0.334513,0.385457,-0.189489,0.838819
56:00.0,-0.340489,0.357976,-0.178534,0.850909
57:00.0,-0.346106,0.330117,-0.16739,0.862099
58:00.0,-0.351359,0.301909,-0.156069,0.872376
59:00.0,-0.356242,0.273381,-0.144584,0.881731
00:00.0,-0.360749,0.244564,-0.132947,0.890154
01:00.0,-0.364876,0.215489,-0.121169,0.897635
02:00.0,-0.368619,0.186186,-0.109263,0.904166
03:00.0,-0.371974,0.156686,-0.097243,0.909741
04:00.0,-0.374936,0.12702,-0.085119,0.914354
05:00.0,-0.377504,0.09722,-0.072906,0.918
06:00.0,-0.379674,0.067317,-0.060615,0.920675
07:00.0,-0.381443,0.037343,-0.048261,0.922376
08:00.0,-0.382811,0.00733,-0.035856,0.923101
09:00.0,-0.383776,-0.022691,-0.023412,0.92285
10:00.0,-0.384336,-0.052688,-0.010944,0.921624
11:00.0,-0.384491,-0.082629,0.001536,0.919422
12:00.0,-0.384241,-0.112483,0.014014,0.916248
13:00.0,-0.383587,-0.142218,0.026478,0.912104
14:00.0,-0.382528,-0.171802,0.038914,0.906996
15:00.0,-0.381066,-0.201204,0.051309,0.900929
16:00.0,-0.379202,-0.230394,0.063651,0.893909
17:00.0,-0.376939,-0.25934,0.075925,0.885943
18:00.0,-0.374279,-0.288011,0.08812,0.87704
19:00.0,-0.371224,-0.316378,0.100221,0.86721
20:00.0,-0.367778,-0.34441,0.112218,0.856463
21:00.0,-0.363944,-0.372077,0.124096,0.844809
22:00.0,-0.359727,-0.399352,0.135844,0.832263
23:00.0,-0.355131,-0.426203,0.147449,0.818835
24:00.0,-0.350161,-0.452604,0.158898,0.804542
25:00.0,-0.344821,-0.478526,0.170181,0.789398
26:00.0,-0.339119,-0.503942,0.181284,0.773419
27:00.0,-0.333058,-0.528824,0.192196,0.756622
28:00.0,-0.326647,-0.553148,0.202906,0.739025
29:00.0,-0.319892,-0.576886,0.213402,0.720646
30:00.0,-0.312799,-0.600014,0.223674,0.701505
31:00.0,-0.305377,-0.622507,0.23371,0.681623
32:00.0,-0.297632,-0.644342,0.243499,0.661019
33:00.0,-0.289575,-0.665496,0.253033,0.639716
34:00.0,-0.281211,-0.685945,0.2623,0.617737
35:00.0,-0.272552,-0.705669,0.27129,0.595104
36:00.0,-0.263605,-0.724646,0.279995,0.571842
37:00.0,-0.25438,-0.742857,0.288405,0.547975
38:00.0,-0.244887,-0.760282,0.296512,0.523528
39:00.0,-0.235136,-0.776903,0.304306,0.498528
40:00.0,-0.225137,-0.792703,0.311779,0.473001
41:00.0,-0.214901,-0.807663,0.318924,0.446973
42:00.0,-0.204438,-0.82177,0.325733,0.420473
43:00.0,-0.193759,-0.835007,0.332199,0.393528
44:00.0,-0.182877,-0.847361,0.338315,0.366167
45:00.0,-0.171801,-0.858819,0.344074,0.338419
46:00.0,-0.160544,-0.869368,0.349472,0.310312
47:00.0,-0.149118,-0.878998,0.3545,0.281878
48:00.0,-0.137535,-0.887698,0.359156,0.253146
49:00.0,-0.125806,-0.89546,0.363433,0.224146
50:00.0,-0.113945,-0.902274,0.367327,0.194909
51:00.0,-0.101964,-0.908133,0.370834,0.165465
52:00.0,-0.089875,-0.913033,0.373951,0.135847
53:00.0,-0.077691,-0.916966,0.376673,0.106085
54:00.0,-0.065425,-0.91993,0.378999,0.076212
55:00.0,-0.05309,-0.921921,0.380925,0.046257
56:00.0,-0.040699,-0.922936,0.382451,0.016254
57:00.0,-0.028265,-0.922975,0.383573,-0.013766
58:00.0,-0.015801,-0.922039,0.38429,-0.043772
59:00.0,-0.00332,-0.920127,0.384603,-0.073732
00:00.0,0.009165,-0.917241,0.384511,-0.103613
01:00.0,0.02164,-0.913386,0.384014,-0.133385
02:00.0,0.034092,-0.908564,0.383112,-0.163015
03:00.0,0.046509,-0.902782,0.381806,-0.192473
04:00.0,0.058877,-0.896045,0.380098,-0.221728
05:00.0,0.071183,-0.88836,0.377989,-0.250747
06:00.0,0.083414,-0.879735,0.375482,-0.279502
07:00.0,0.095557,-0.87018,0.37258,-0.307961
08:00.0,0.1076,-0.859705,0.369285,-0.336094
09:00.0,0.11953,-0.84832,0.3656,-0.363871
10:00.0,0.131334,-0.836038,0.361531,-0.391264
11:00.0,0.143,-0.822872,0.35708,-0.418242
12:00.0,0.154515,-0.808836,0.352253,-0.444779
13:00.0,0.165867,-0.793944,0.347055,-0.470844
14:00.0,0.177045,-0.778212,0.341491,-0.496412
15:00.0,0.188037,-0.761657,0.335567,-0.521455
16:00.0,0.19883,-0.744297,0.32929,-0.545946
17:00.0,0.209415,-0.72615,0.322665,-0.569859
18:00.0,0.219778,-0.707234,0.315701,-0.59317
19:00.0,0.22991,-0.687571,0.308403,-0.615853
20:00.0,0.239801,-0.66718,0.300781,-0.637885
21:00.0,0.249438,-0.646084,0.292841,-0.659242
22:00.0,0.258813,-0.624305,0.284593,-0.679902
23:00.0,0.267915,-0.601865,0.276045,-0.699842
24:00.0,0.276735,-0.578789,0.267206,-0.719042
25:00.0,0.285264,-0.5551,0.258085,-0.737482
26:00.0,0.293492,-0.530825,0.248692,-0.755142
27:00.0,0.301411,-0.505988,0.239037,-0.772003
28:00.0,0.309013,-0.480616,0.22913,-0.788047
29:00.0,0.316289,-0.454736,0.218982,-0.803258
30:00.0,0.323232,-0.428375,0.208602,-0.817619
31:00.0,0.329834,-0.401561,0.198003,-0.831116
32:00.0,0.336089,-0.374322,0.187194,-0.843733
33:00.0,0.34199,-0.346687,0.176189,-0.855458
34:00.0,0.347531,-0.318686,0.164997,-0.866278
35:00.0,0.352706,-0.290347,0.153632,-0.876182
36:00.0,0.357509,-0.261702,0.142105,-0.885159
37:00.0,0.361935,-0.23278,0.130427,-0.893199
38:00.0,0.36598,-0.203612,0.118612,-0.900295
39:00.0,0.369639,-0.174228,0.106672,-0.906439
40:00.0,0.372909,-0.144661,0.09462,-0.911624
41:00.0,0.375787,-0.11494,0.082467,-0.915845
42:00.0,0.378268,-0.085098,0.070228,-0.919097
43:00.0,0.380351,-0.055166,0.057914,-0.921377
44:00.0,0.382033,-0.025176,0.045539,-0.922683
45:00.0,0.383312,0.004841,0.033116,-0.923012
46:00.0,0.384188,0.034853,0.020658,-0.922366
47:00.0,0.384658,0.064828,0.008177,-0.920743
48:00.0,0.384724,0.094734,-0.004311,-0.918147
49:00.0,0.384384,0.12454,-0.016796,-0.91458
50:00.0,0.383639,0.154214,-0.029263,-0.910046
51:00.0,0.38249,0.183724,-0.041699,-0.904549
52:00.0,0.380937,0.213041,-0.054092,-0.898095
53:00.0,0.378984,0.242132,-0.066428,-0.890691
54:00.0,0.376631,0.270967,-0.078694,-0.882345
55:00.0,0.373881,0.299515,-0.090877,-0.873067
56:00.0,0.370737,0.327746,-0.102965,-0.862864
57:00.0,0.367202,0.355631,-0.114944,-0.851749
58:00.0,0.363281,0.383139,-0.126802,-0.839734
59:00.0,0.358976,0.410243,-0.138527,-0.82683
00:00.0,0.354294,0.436912,-0.150106,-0.813051
